<?xml version="1.0" encoding="UTF-8" standalone="yes"?>
<manifest>
  <control namespace="POCProMxContact" constructor="ContactControl" version="5.0.7" display-name-key="ContactControl" description-key="ContactControl description" control-type="standard" api-version="1.3.14">
    <external-service-usage enabled="false"/>
    <property name="boundAccountId" display-name-key="BoundAccountId" of-type="SingleLine.Text" required="true" usage="bound"/>
    <resources>
      <code path="bundle.js" order="1"/>
    </resources>
    <feature-usage>
      <uses-feature name="WebAPI" required="true"/>
    </feature-usage>
    <built-by name="pac" version="1.33.3"/>
  </control>
</manifest>